auc,precision,recall,f1,accuracy,threshold
0.9758271172021704,0.9669272399278412,0.9486725663716814,0.957712924359738,0.9442700156985872,-0.713644203996859
