auc,precision,recall,f1,accuracy,threshold
0.9336632464976986,0.9643483343074225,0.9734513274336283,0.9688784497944803,0.9583987441130298,-0.6106971859548851
